Date,Open,High,Low,Close,Volume
15/06/2020 16:00:00,83.31,86.42,83.15,85.75,34702230
16/06/2020 16:00:00,87.87,88.3,86.18,88.02,41357182
17/06/2020 16:00:00,88.79,88.85,87.77,87.9,28601626
18/06/2020 16:00:00,87.85,88.36,87.31,87.93,24205096
19/06/2020 16:00:00,88.66,89.14,86.29,87.43,66118952
22/06/2020 16:00:00,87.84,89.87,87.79,89.72,33861316
23/06/2020 16:00:00,91,93.1,90.57,91.63,53038869
24/06/2020 16:00:00,91.25,92.2,89.63,90.02,48155849
25/06/2020 16:00:00,90.18,91.25,89.39,91.21,34380628
26/06/2020 16:00:00,91.1,91.33,88.26,88.41,51314211
29/06/2020 16:00:00,88.31,90.54,87.82,90.45,32661519
30/06/2020 16:00:00,90.02,91.5,90,91.2,35055821
01/07/2020 16:00:00,91.28,91.84,90.98,91.03,27684309
02/07/2020 16:00:00,91.96,92.62,90.91,91.03,28510367
06/07/2020 16:00:00,92.5,93.95,92.47,93.46,29663913
07/07/2020 16:00:00,93.85,94.66,93.06,93.17,28106114
08/07/2020 16:00:00,94.18,95.38,94.09,95.34,29272970
09/07/2020 16:00:00,96.26,96.32,94.67,95.68,31410652
10/07/2020 16:00:00,95.34,95.98,94.71,95.92,22564330
13/07/2020 16:00:00,97.27,99.96,95.26,95.48,47912285
14/07/2020 16:00:00,94.84,97.26,93.88,97.06,42747341
15/07/2020 16:00:00,98.99,99.25,96.49,97.73,38299483
16/07/2020 16:00:00,96.56,97.41,95.91,96.52,27644418
17/07/2020 16:00:00,96.99,97.15,95.84,96.33,23046725
20/07/2020 16:00:00,96.42,98.5,96.06,98.36,22579477
21/07/2020 16:00:00,99.17,99.25,96.74,97,25911459
22/07/2020 16:00:00,96.69,97.98,96.6,97.27,22250413
23/07/2020 16:00:00,97,97.08,92.01,92.85,49251108
24/07/2020 16:00:00,90.99,92.97,89.15,92.62,46359716
27/07/2020 16:00:00,93.71,94.91,93.48,94.81,30303548
28/07/2020 16:00:00,94.37,94.55,93.25,93.25,25906375
29/07/2020 16:00:00,93.75,95.23,93.71,95.04,22582314
30/07/2020 16:00:00,94.19,96.3,93.77,96.19,39532505
31/07/2020 16:00:00,102.88,106.42,100.83,106.26,93573867
03/08/2020 16:00:00,108.2,111.64,107.89,108.94,77037847
04/08/2020 16:00:00,109.13,110.79,108.39,109.67,43198092
05/08/2020 16:00:00,109.38,110.39,108.9,110.06,30497988
06/08/2020 16:00:00,110.41,114.41,109.8,113.9,50607225
07/08/2020 16:00:00,113.21,113.68,110.29,111.11,49511403
10/08/2020 16:00:00,112.6,113.78,110,112.73,53100856
11/08/2020 16:00:00,111.97,112.48,109.11,109.38,46975594
12/08/2020 16:00:00,110.5,113.28,110.3,113.01,41486205
13/08/2020 16:00:00,114.43,116.04,113.93,115.01,52520516
14/08/2020 16:00:00,114.83,115,113.05,114.91,41391302
17/08/2020 16:00:00,116.06,116.09,113.96,114.61,29890361
18/08/2020 16:00:00,114.35,116,114.01,115.56,26408385
19/08/2020 16:00:00,115.98,117.16,115.61,115.71,36384502
20/08/2020 16:00:00,115.75,118.39,115.73,118.28,31726797
21/08/2020 16:00:00,119.26,124.87,119.25,124.37,84513660
24/08/2020 16:00:00,128.7,128.79,123.94,125.86,86484442
25/08/2020 16:00:00,124.7,125.18,123.05,124.83,52873947
26/08/2020 16:00:00,126.18,126.99,125.08,126.52,40755567
27/08/2020 16:00:00,127.14,127.49,123.83,125.01,38888096
28/08/2020 16:00:00,126.01,126.44,124.58,124.81,46907479
31/08/2020 16:00:00,127.58,131,126,129.04,225702688
01/09/2020 16:00:00,132.76,134.8,130.53,134.18,152470142
02/09/2020 16:00:00,137.59,137.98,127,131.4,200118991
03/09/2020 16:00:00,126.91,128.84,120.5,120.88,257599640
04/09/2020 16:00:00,120.07,123.7,110.89,120.96,332607163
08/09/2020 16:00:00,113.95,118.99,112.68,112.82,231366563
09/09/2020 16:00:00,117.26,119.14,115.26,117.32,176940455
10/09/2020 16:00:00,120.36,120.5,112.5,113.49,182274391
11/09/2020 16:00:00,114.57,115.23,110,112,180860325
14/09/2020 16:00:00,114.72,115.93,112.8,115.36,140150087
15/09/2020 16:00:00,118.33,118.83,113.61,115.54,184642039
16/09/2020 16:00:00,115.23,116,112.04,112.13,155026675
17/09/2020 16:00:00,109.72,112.2,108.71,110.34,178010968
18/09/2020 16:00:00,110.4,110.88,106.09,106.84,287104882
21/09/2020 16:00:00,104.54,110.19,103.1,110.08,195713815
22/09/2020 16:00:00,112.68,112.86,109.16,111.81,183055373
23/09/2020 16:00:00,111.62,112.11,106.77,107.12,150718671
24/09/2020 16:00:00,105.17,110.25,105,108.22,167743349
25/09/2020 16:00:00,108.43,112.44,107.67,112.28,149981441
28/09/2020 16:00:00,115.01,115.32,112.78,114.96,137672403
29/09/2020 16:00:00,114.55,115.31,113.57,114.09,100060526
30/09/2020 16:00:00,113.79,117.26,113.62,115.81,142675184
01/10/2020 16:00:00,117.64,117.72,115.83,116.79,116120440
02/10/2020 16:00:00,112.89,115.37,112.22,113.02,144711986
05/10/2020 16:00:00,113.91,116.65,113.55,116.5,106243839
06/10/2020 16:00:00,115.7,116.12,112.25,113.16,161498212
07/10/2020 16:00:00,114.62,115.55,114.13,115.08,96848985
08/10/2020 16:00:00,116.25,116.4,114.59,114.97,83477153
09/10/2020 16:00:00,115.28,117,114.92,116.97,100506865
12/10/2020 16:00:00,120.06,125.18,119.28,124.4,240226769
13/10/2020 16:00:00,125.27,125.39,119.65,121.1,262330451
14/10/2020 16:00:00,121,123.03,119.62,121.19,151062308
15/10/2020 16:00:00,118.72,121.2,118.15,120.71,112559219
16/10/2020 16:00:00,121.28,121.55,118.81,119.02,115393808
19/10/2020 16:00:00,119.96,120.42,115.66,115.98,120639337
20/10/2020 16:00:00,116.2,118.98,115.63,117.51,124423728
21/10/2020 16:00:00,116.67,118.71,116.45,116.87,89945980
22/10/2020 16:00:00,117.45,118.04,114.59,115.75,101987954
23/10/2020 16:00:00,116.39,116.55,114.28,115.04,82572645
26/10/2020 16:00:00,114.01,116.55,112.88,115.05,111850657
27/10/2020 16:00:00,115.49,117.28,114.54,116.6,92276772
28/10/2020 16:00:00,115.05,115.43,111.1,111.2,143937823
29/10/2020 16:00:00,112.37,116.93,112.2,115.32,146129173
30/10/2020 16:00:00,111.06,111.99,107.72,108.86,190573476
02/11/2020 16:00:00,109.11,110.68,107.32,108.77,122866899
03/11/2020 16:00:00,109.66,111.49,108.73,110.44,107624448
04/11/2020 16:00:00,114.14,115.59,112.35,114.95,138235482
05/11/2020 16:00:00,117.95,119.62,116.87,119.03,126387074
06/11/2020 16:00:00,118.32,119.2,116.13,118.69,114457922
09/11/2020 16:00:00,120.5,121.99,116.05,116.32,154515315
10/11/2020 16:00:00,115.55,117.59,114.13,115.97,138023390
11/11/2020 16:00:00,117.19,119.63,116.44,119.49,112294954
12/11/2020 16:00:00,119.62,120.53,118.57,119.21,103350674
13/11/2020 16:00:00,119.44,119.67,117.87,119.26,81688586
16/11/2020 16:00:00,118.92,120.99,118.15,120.3,91183018
17/11/2020 16:00:00,119.55,120.67,118.96,119.39,74270973
18/11/2020 16:00:00,118.61,119.82,118,118.03,76322111
19/11/2020 16:00:00,117.59,119.06,116.81,118.64,74112972
20/11/2020 16:00:00,118.64,118.77,117.29,117.34,73604287
23/11/2020 16:00:00,117.18,117.62,113.75,113.85,127959318
24/11/2020 16:00:00,113.91,115.85,112.59,115.17,113874218
25/11/2020 16:00:00,115.55,116.75,115.17,116.03,76499234
27/11/2020 13:00:00,116.57,117.49,116.22,116.59,46691331
30/11/2020 16:00:00,116.97,120.97,116.81,119.05,169410176
01/12/2020 16:00:00,121.01,123.47,120.01,122.72,128166803
02/12/2020 16:00:00,122.02,123.37,120.89,123.08,89004195
03/12/2020 16:00:00,123.52,123.78,122.21,122.94,78967630
04/12/2020 16:00:00,122.6,122.86,121.52,122.25,78260421
07/12/2020 16:00:00,122.31,124.57,122.25,123.75,86711990
08/12/2020 16:00:00,124.37,124.98,123.09,124.38,82225512
09/12/2020 16:00:00,124.53,125.95,121,121.78,115089193
10/12/2020 16:00:00,120.5,123.87,120.15,123.24,81312170
11/12/2020 16:00:00,122.43,122.76,120.55,122.41,86939786
14/12/2020 16:00:00,122.6,123.35,121.54,121.78,79075988
15/12/2020 16:00:00,124.34,127.9,124.13,127.88,157572262
16/12/2020 16:00:00,127.41,128.37,126.56,127.81,98208591
17/12/2020 16:00:00,128.9,129.58,128.04,128.7,94359811
18/12/2020 16:00:00,128.96,129.1,126.12,126.66,192541496
21/12/2020 16:00:00,125.02,128.31,123.45,128.23,121251553
22/12/2020 16:00:00,131.61,134.41,129.65,131.88,169351825
23/12/2020 16:00:00,132.16,132.43,130.78,130.96,88223692
24/12/2020 13:00:00,131.32,133.46,131.1,131.97,54930064
28/12/2020 16:00:00,133.99,137.34,133.51,136.69,124486237
29/12/2020 16:00:00,138.05,138.79,134.34,134.87,121047324
30/12/2020 16:00:00,135.58,135.99,133.4,133.72,96452124
31/12/2020 16:00:00,134.08,134.74,131.72,132.69,99116586
04/01/2021 16:00:00,133.52,133.61,126.76,129.41,143301887
05/01/2021 16:00:00,128.89,131.74,128.43,131.01,97664898
06/01/2021 16:00:00,127.72,131.05,126.38,126.6,155087970
07/01/2021 16:00:00,128.36,131.63,127.86,130.92,109578157
08/01/2021 16:00:00,132.43,132.63,130.23,132.05,105158245
11/01/2021 16:00:00,129.19,130.17,128.5,128.98,100620880
12/01/2021 16:00:00,128.5,129.69,126.86,128.8,91951145
13/01/2021 16:00:00,128.76,131.45,128.49,130.89,88636831
14/01/2021 16:00:00,130.8,131,128.76,128.91,90221755
15/01/2021 16:00:00,128.78,130.22,127,127.14,111598531
19/01/2021 16:00:00,127.78,128.71,126.94,127.83,90757329
20/01/2021 16:00:00,128.66,132.49,128.55,132.03,104319489
21/01/2021 16:00:00,133.8,139.67,133.59,136.87,120529544
22/01/2021 16:00:00,136.28,139.85,135.02,139.07,114459360
25/01/2021 16:00:00,143.07,145.09,136.54,142.92,157611713
26/01/2021 16:00:00,143.6,144.3,141.37,143.16,98390555
27/01/2021 16:00:00,143.43,144.3,140.41,142.06,140843759
28/01/2021 16:00:00,139.52,141.99,136.7,137.09,142621128
29/01/2021 16:00:00,135.83,136.74,130.21,131.96,177523812
01/02/2021 16:00:00,133.75,135.38,130.93,134.14,106239823
02/02/2021 16:00:00,135.73,136.31,134.61,134.99,83305367
03/02/2021 16:00:00,135.76,135.77,133.61,133.94,89880937
04/02/2021 16:00:00,136.3,137.4,134.59,137.39,84183061
05/02/2021 16:00:00,137.35,137.42,135.86,136.76,75693830
08/02/2021 16:00:00,136.03,136.96,134.92,136.91,71297214
09/02/2021 16:00:00,136.62,137.88,135.85,136.01,76774213
10/02/2021 16:00:00,136.48,136.99,134.4,135.39,73046563
11/02/2021 16:00:00,135.9,136.39,133.77,135.13,64280029
12/02/2021 16:00:00,134.35,135.53,133.69,135.37,60145130
16/02/2021 16:00:00,135.49,136.01,132.79,133.19,80576316
17/02/2021 16:00:00,131.25,132.22,129.47,130.84,98085249
18/02/2021 16:00:00,129.2,130,127.41,129.71,96856748
19/02/2021 16:00:00,130.24,130.71,128.8,129.87,87668834
22/02/2021 16:00:00,128.01,129.72,125.6,126,103916419
23/02/2021 16:00:00,123.76,126.71,118.39,125.86,158273022
24/02/2021 16:00:00,124.94,125.56,122.23,125.35,111039904
25/02/2021 16:00:00,124.68,126.46,120.54,120.99,148199540
26/02/2021 16:00:00,122.59,124.85,121.2,121.26,164560394
01/03/2021 16:00:00,123.75,127.93,122.79,127.79,116307892
02/03/2021 16:00:00,128.41,128.72,125.01,125.12,102260945
03/03/2021 16:00:00,124.81,125.71,121.84,122.06,112966340
04/03/2021 16:00:00,121.75,123.6,118.62,120.13,178154975
05/03/2021 16:00:00,120.98,121.94,117.57,121.42,153766601
08/03/2021 16:00:00,120.93,121,116.21,116.36,154376610
09/03/2021 16:00:00,119.03,122.06,118.79,121.09,129525780
10/03/2021 16:00:00,121.69,122.17,119.45,119.98,111943326
11/03/2021 16:00:00,122.54,123.21,121.26,121.96,103026514
12/03/2021 16:00:00,120.4,121.17,119.16,121.03,88105050
15/03/2021 16:00:00,121.41,124,120.42,123.99,92590555
16/03/2021 16:00:00,125.7,127.22,124.72,125.57,115227936
17/03/2021 16:00:00,124.05,125.86,122.34,124.76,111932636
18/03/2021 16:00:00,122.88,123.18,120.32,120.53,121469755
19/03/2021 16:00:00,119.9,121.43,119.68,119.99,185549522
22/03/2021 16:00:00,120.33,123.87,120.26,123.39,111912284
23/03/2021 16:00:00,123.33,124.24,122.14,122.54,95467142
24/03/2021 16:00:00,122.82,122.9,120.07,120.09,88530485
25/03/2021 16:00:00,119.54,121.66,119,120.59,98844681
26/03/2021 16:00:00,120.35,121.48,118.92,121.21,94071234
29/03/2021 16:00:00,121.65,122.58,120.73,121.39,80819203
30/03/2021 16:00:00,120.11,120.4,118.86,119.9,85671919
31/03/2021 16:00:00,121.65,123.52,121.15,122.15,118323826
01/04/2021 16:00:00,123.66,124.18,122.49,123,75089134
05/04/2021 16:00:00,123.87,126.16,123.07,125.9,88651175
06/04/2021 16:00:00,126.5,127.13,125.65,126.21,80171253
07/04/2021 16:00:00,125.83,127.92,125.14,127.9,83466716
08/04/2021 16:00:00,128.95,130.39,128.52,130.36,88844591
09/04/2021 16:00:00,129.8,133.04,129.47,133,106686703
12/04/2021 16:00:00,132.52,132.85,130.63,131.24,91419983
13/04/2021 16:00:00,132.44,134.66,131.93,134.43,91266545
14/04/2021 16:00:00,134.94,135,131.66,132.03,87222782
15/04/2021 16:00:00,133.82,135,133.64,134.5,89347102
16/04/2021 16:00:00,134.3,134.67,133.28,134.16,84922386
19/04/2021 16:00:00,133.51,135.47,133.34,134.84,94264215
20/04/2021 16:00:00,135.02,135.53,131.81,133.11,94812349
21/04/2021 16:00:00,132.36,133.75,131.3,133.5,68847136
22/04/2021 16:00:00,133.04,134.15,131.41,131.94,84566456
23/04/2021 16:00:00,132.16,135.12,132.16,134.32,78756779
26/04/2021 16:00:00,134.83,135.06,133.56,134.72,66905069
27/04/2021 16:00:00,135.01,135.41,134.11,134.39,66015804
28/04/2021 16:00:00,134.31,135.02,133.08,133.58,107760097
29/04/2021 16:00:00,136.47,137.07,132.45,133.48,151100953
30/04/2021 16:00:00,131.78,133.56,131.07,131.46,109839466
03/05/2021 16:00:00,132.04,134.07,131.83,132.54,75135100
04/05/2021 16:00:00,131.19,131.49,126.7,127.85,137564718
05/05/2021 16:00:00,129.2,130.45,127.97,128.1,84000900
06/05/2021 16:00:00,127.89,129.75,127.13,129.74,78128334
07/05/2021 16:00:00,130.85,131.26,129.48,130.21,78973273
10/05/2021 16:00:00,129.41,129.54,126.81,126.85,88071229
11/05/2021 16:00:00,123.5,126.27,122.77,125.91,126142826
12/05/2021 16:00:00,123.4,124.64,122.25,122.77,112172282
13/05/2021 16:00:00,124.58,126.15,124.26,124.97,105861339
14/05/2021 16:00:00,126.25,127.89,125.85,127.45,81917951
17/05/2021 16:00:00,126.82,126.93,125.17,126.27,74244624
18/05/2021 16:00:00,126.56,126.99,124.78,124.85,63342929
19/05/2021 16:00:00,123.16,124.92,122.86,124.69,92611989
20/05/2021 16:00:00,125.23,127.72,125.1,127.31,76857123
21/05/2021 16:00:00,127.82,128,125.21,125.43,79295436
24/05/2021 16:00:00,126.01,127.94,125.94,127.1,63092945
25/05/2021 16:00:00,127.82,128.32,126.32,126.9,72009482
26/05/2021 16:00:00,126.96,127.39,126.42,126.85,56575920
27/05/2021 16:00:00,126.44,127.64,125.08,125.28,94625601
28/05/2021 16:00:00,125.57,125.8,124.55,124.61,71311109
01/06/2021 16:00:00,125.08,125.35,123.94,124.28,67637118
02/06/2021 16:00:00,124.28,125.24,124.05,125.06,59278862
03/06/2021 16:00:00,124.68,124.85,123.13,123.54,76229170
04/06/2021 16:00:00,124.07,126.16,123.85,125.89,75169343
07/06/2021 16:00:00,126.17,126.32,124.83,125.9,71057550
08/06/2021 16:00:00,126.6,128.46,126.21,126.74,74403774
09/06/2021 16:00:00,127.21,127.75,126.52,127.13,56877937
10/06/2021 16:00:00,127.02,128.19,125.94,126.11,71186421
11/06/2021 16:00:00,126.53,127.44,126.1,127.35,53522373
14/06/2021 16:00:00,127.82,130.54,127.07,130.48,96906490
15/06/2021 16:00:00,129.94,130.6,129.39,129.64,62746332
16/06/2021 16:00:00,130.37,130.89,128.46,130.15,91815026
17/06/2021 16:00:00,129.8,132.55,129.65,131.79,96721669
18/06/2021 16:00:00,130.71,131.51,130.24,130.46,108953309
21/06/2021 16:00:00,130.3,132.41,129.21,132.3,79663316
22/06/2021 16:00:00,132.13,134.08,131.62,133.98,74783618
23/06/2021 16:00:00,133.77,134.32,133.23,133.7,60214200
24/06/2021 16:00:00,134.45,134.64,132.93,133.41,68710998
25/06/2021 16:00:00,133.46,133.89,132.81,133.11,70783746
28/06/2021 16:00:00,133.41,135.25,133.35,134.78,62111303
29/06/2021 16:00:00,134.8,136.49,134.35,136.33,64556081
30/06/2021 16:00:00,136.17,137.41,135.87,136.96,63261393
01/07/2021 16:00:00,136.6,137.33,135.76,137.27,52485781
02/07/2021 16:00:00,137.9,140,137.75,139.96,78945572
06/07/2021 16:00:00,140.07,143.15,140.07,142.02,108181793
07/07/2021 16:00:00,143.54,144.89,142.66,144.57,104911589
08/07/2021 16:00:00,141.58,144.06,140.67,143.24,105575458
09/07/2021 16:00:00,142.75,145.65,142.65,145.11,99890800
12/07/2021 16:00:00,146.21,146.32,144,144.5,76299719
13/07/2021 16:00:00,144.03,147.46,143.63,145.64,100827099
14/07/2021 16:00:00,148.1,149.57,147.68,149.15,127050785
15/07/2021 16:00:00,149.24,150,147.09,148.48,106820297
16/07/2021 16:00:00,148.46,149.76,145.88,146.39,93251426
19/07/2021 16:00:00,143.75,144.07,141.67,142.45,121434571
20/07/2021 16:00:00,143.46,147.1,142.96,146.15,96350036
21/07/2021 16:00:00,145.53,146.13,144.63,145.4,74993460
22/07/2021 16:00:00,145.94,148.2,145.81,146.8,77338156
23/07/2021 16:00:00,147.55,148.72,146.92,148.56,71447416
26/07/2021 16:00:00,148.27,149.83,147.7,148.99,72434089
27/07/2021 16:00:00,149.12,149.21,145.55,146.77,104818578
28/07/2021 16:00:00,144.81,146.97,142.54,144.98,118931191
29/07/2021 16:00:00,144.69,146.55,144.58,145.64,56699475
30/07/2021 16:00:00,144.38,146.33,144.11,145.86,70440626
02/08/2021 16:00:00,146.36,146.95,145.25,145.52,62879961
03/08/2021 16:00:00,145.81,148.04,145.18,147.36,64786618
04/08/2021 16:00:00,147.27,147.79,146.28,146.95,56368271
05/08/2021 16:00:00,146.98,147.84,146.17,147.06,46397674
06/08/2021 16:00:00,146.35,147.11,145.63,146.14,54126813
09/08/2021 16:00:00,146.2,146.7,145.52,146.09,48908689
10/08/2021 16:00:00,146.44,147.71,145.3,145.6,69023081
11/08/2021 16:00:00,146.05,146.72,145.53,145.86,48493463
12/08/2021 16:00:00,146.19,149.05,145.84,148.89,73779113
13/08/2021 16:00:00,148.97,149.44,148.27,149.1,59375009
16/08/2021 16:00:00,148.54,151.19,146.47,151.12,103558782
17/08/2021 16:00:00,150.23,151.68,149.09,150.19,92229735
18/08/2021 16:00:00,149.8,150.72,146.15,146.36,86325990
19/08/2021 16:00:00,145.03,148,144.5,146.7,86960310
20/08/2021 16:00:00,147.44,148.5,146.78,148.19,60549630
23/08/2021 16:00:00,148.31,150.19,147.89,149.71,60131810
24/08/2021 16:00:00,149.45,150.86,149.15,149.62,48606428
25/08/2021 16:00:00,149.81,150.32,147.8,148.36,58991297
26/08/2021 16:00:00,148.35,149.12,147.51,147.54,48597195
27/08/2021 16:00:00,147.48,148.75,146.83,148.6,55802388
30/08/2021 16:00:00,149,153.49,148.61,153.12,90956723
31/08/2021 16:00:00,152.66,152.8,151.29,151.83,86453117
01/09/2021 16:00:00,152.83,154.98,152.34,152.51,80313711
02/09/2021 16:00:00,153.87,154.72,152.4,153.65,71171317
03/09/2021 16:00:00,153.76,154.63,153.09,154.3,57866066
07/09/2021 16:00:00,154.97,157.26,154.39,156.69,82278261
08/09/2021 16:00:00,156.98,157.04,153.98,155.11,74420207
09/09/2021 16:00:00,155.49,156.11,153.95,154.07,57305730
10/09/2021 16:00:00,155,155.48,148.7,148.97,140893235
13/09/2021 16:00:00,150.63,151.42,148.75,149.55,102404329
14/09/2021 16:00:00,150.35,151.07,146.91,148.12,109296295
15/09/2021 16:00:00,148.56,149.44,146.37,149.03,83281315
16/09/2021 16:00:00,148.44,148.97,147.22,148.79,68034149
17/09/2021 16:00:00,148.82,148.82,145.76,146.06,129868824
20/09/2021 16:00:00,143.8,144.84,141.27,142.94,123478863
21/09/2021 16:00:00,143.93,144.6,142.78,143.43,75833962
22/09/2021 16:00:00,144.45,146.43,143.7,145.85,76404341
23/09/2021 16:00:00,146.65,147.08,145.64,146.83,64838170
24/09/2021 16:00:00,145.66,147.47,145.56,146.92,53477869
27/09/2021 16:00:00,145.47,145.96,143.82,145.37,74150729
28/09/2021 16:00:00,143.25,144.75,141.69,141.91,108972340
29/09/2021 16:00:00,142.47,144.45,142.03,142.83,74602044
30/09/2021 16:00:00,143.66,144.38,141.28,141.5,89056664
01/10/2021 16:00:00,141.9,142.92,139.11,142.65,94639581
04/10/2021 16:00:00,141.76,142.21,138.27,139.14,98322008
05/10/2021 16:00:00,139.49,142.24,139.36,141.11,80861062
06/10/2021 16:00:00,139.47,142.15,138.37,142,83221119
07/10/2021 16:00:00,143.06,144.22,142.72,143.29,61732656
08/10/2021 16:00:00,144.03,144.18,142.56,142.9,58773155
11/10/2021 16:00:00,142.27,144.81,141.81,142.81,64452219
12/10/2021 16:00:00,143.23,143.25,141.04,141.51,73035859
13/10/2021 16:00:00,141.24,141.4,139.2,140.91,78762721
14/10/2021 16:00:00,142.11,143.88,141.51,143.76,69907100
15/10/2021 16:00:00,143.77,144.9,143.51,144.84,67940334
18/10/2021 16:00:00,143.45,146.84,143.16,146.55,85589175
19/10/2021 16:00:00,147.01,149.17,146.55,148.76,76378894
20/10/2021 16:00:00,148.7,149.75,148.12,149.26,58418788
21/10/2021 16:00:00,148.81,149.64,147.87,149.48,61420990
22/10/2021 16:00:00,149.69,150.18,148.64,148.69,58883443
25/10/2021 16:00:00,148.68,149.37,147.62,148.64,50720556
26/10/2021 16:00:00,149.33,150.84,149.01,149.32,60893395
27/10/2021 16:00:00,149.36,149.73,148.49,148.85,56094929
28/10/2021 16:00:00,149.82,153.17,149.72,152.57,100077888
29/10/2021 16:00:00,147.22,149.94,146.41,149.8,124953168
01/11/2021 16:00:00,148.99,149.7,147.8,148.96,74588258
02/11/2021 16:00:00,148.66,151.57,148.65,150.02,69121987
03/11/2021 16:00:00,150.39,151.97,149.82,151.49,54511534
04/11/2021 16:00:00,151.58,152.43,150.64,150.96,60394616
05/11/2021 16:00:00,151.89,152.2,150.06,151.28,65463883
08/11/2021 16:00:00,151.41,151.57,150.16,150.44,55020868
09/11/2021 16:00:00,150.2,151.43,150.06,150.81,56787930
10/11/2021 16:00:00,150.02,150.13,147.85,147.92,65187092
11/11/2021 16:00:00,148.96,149.43,147.68,147.87,40999950
12/11/2021 16:00:00,148.43,150.4,147.48,149.99,63804008
15/11/2021 16:00:00,150.37,151.88,149.43,150,59222803
16/11/2021 16:00:00,149.94,151.49,149.34,151,59256210
17/11/2021 16:00:00,151,155,150.99,153.49,88807000
18/11/2021 16:00:00,153.71,158.67,153.05,157.87,137827673
19/11/2021 16:00:00,157.65,161.02,156.53,160.55,117305597
22/11/2021 16:00:00,161.68,165.7,161,161.02,117467889
23/11/2021 16:00:00,161.12,161.8,159.06,161.41,96041899
24/11/2021 16:00:00,160.75,162.14,159.64,161.94,69463623
26/11/2021 13:00:00,159.57,160.45,156.36,156.81,76959752
29/11/2021 16:00:00,159.37,161.19,158.79,160.24,88748217
30/11/2021 16:00:00,159.99,165.52,159.92,165.3,174048056
01/12/2021 16:00:00,167.48,170.3,164.53,164.77,152423003
02/12/2021 16:00:00,158.74,164.2,157.8,163.76,136739174
03/12/2021 16:00:00,164.02,164.96,159.72,161.84,118023116
06/12/2021 16:00:00,164.29,167.88,164.28,165.32,107496982
07/12/2021 16:00:00,169.08,171.58,168.34,171.18,120405352
08/12/2021 16:00:00,172.13,175.96,170.7,175.08,116998901
09/12/2021 16:00:00,174.91,176.75,173.92,174.56,108923739
10/12/2021 16:00:00,175.21,179.63,174.69,179.45,115402731
13/12/2021 16:00:00,181.12,182.13,175.53,175.74,153237019
14/12/2021 16:00:00,175.25,177.74,172.21,174.33,139380382
15/12/2021 16:00:00,175.11,179.5,172.31,179.3,131063257
16/12/2021 16:00:00,179.28,181.14,170.75,172.26,150185843
17/12/2021 16:00:00,169.93,173.47,169.69,171.14,195923441
20/12/2021 16:00:00,168.28,170.58,167.46,169.75,107499114
21/12/2021 16:00:00,171.56,173.2,169.12,172.99,91185905
22/12/2021 16:00:00,173.04,175.86,172.15,175.64,92135303
23/12/2021 16:00:00,175.85,176.85,175.27,176.28,68356567
27/12/2021 16:00:00,177.09,180.42,177.07,180.33,74919582
28/12/2021 16:00:00,180.16,181.33,178.53,179.29,79144339
29/12/2021 16:00:00,179.33,180.63,178.14,179.38,62348931
30/12/2021 16:00:00,179.47,180.57,178.09,178.2,59773014
31/12/2021 16:00:00,178.09,179.23,177.26,177.57,64062261
03/01/2022 16:00:00,177.83,182.88,177.71,182.01,104701220
04/01/2022 16:00:00,182.63,182.94,179.12,179.7,99310438
05/01/2022 16:00:00,179.61,180.17,174.64,174.92,94537602
06/01/2022 16:00:00,172.7,175.3,171.64,172,96903955
07/01/2022 16:00:00,172.89,174.14,171.03,172.17,86709147
10/01/2022 16:00:00,169.08,172.5,168.17,172.19,106765552
11/01/2022 16:00:00,172.32,175.18,170.82,175.08,76138312
12/01/2022 16:00:00,176.12,177.18,174.82,175.53,74805173
13/01/2022 16:00:00,175.78,176.62,171.79,172.19,84505760
14/01/2022 16:00:00,171.34,173.78,171.09,173.07,80440780
18/01/2022 16:00:00,171.51,172.54,169.41,169.8,91168729
19/01/2022 16:00:00,170,171.08,165.94,166.23,94814990
20/01/2022 16:00:00,166.98,169.68,164.18,164.51,91420515
21/01/2022 16:00:00,164.42,166.33,162.3,162.41,122848858
24/01/2022 16:00:00,160.02,162.3,154.7,161.62,162706686
25/01/2022 16:00:00,158.98,162.76,157.02,159.78,115798367
26/01/2022 16:00:00,163.5,164.39,157.82,159.69,108275308
27/01/2022 16:00:00,162.45,163.84,158.28,159.22,121954638
28/01/2022 16:00:00,165.71,170.35,162.8,170.33,179935660
31/01/2022 16:00:00,170.16,175,169.51,174.78,115541590
01/02/2022 16:00:00,174.01,174.84,172.31,174.61,86213911
02/02/2022 16:00:00,174.75,175.88,173.33,175.84,84914256
03/02/2022 16:00:00,174.48,176.24,172.12,172.9,89418074
04/02/2022 16:00:00,171.68,174.1,170.68,172.39,82465400
07/02/2022 16:00:00,172.86,173.95,170.95,171.66,77251204
08/02/2022 16:00:00,171.73,175.35,171.43,174.83,74829217
09/02/2022 16:00:00,176.05,176.65,174.9,176.28,71285038
10/02/2022 16:00:00,174.14,175.48,171.55,172.12,90865899
11/02/2022 16:00:00,172.33,173.08,168.04,168.64,98670687
14/02/2022 16:00:00,167.37,169.58,166.56,168.88,86185530
15/02/2022 16:00:00,170.97,172.95,170.25,172.79,64286320
16/02/2022 16:00:00,171.85,173.34,170.05,172.55,61177398
17/02/2022 16:00:00,171.03,171.91,168.47,168.88,69589344
18/02/2022 16:00:00,169.82,170.54,166.19,167.3,82772674
22/02/2022 16:00:00,164.98,166.69,162.15,164.32,91162758
23/02/2022 16:00:00,165.54,166.15,159.75,160.07,90009247
24/02/2022 16:00:00,152.58,162.85,152,162.74,141147540
25/02/2022 16:00:00,163.84,165.12,160.87,164.85,91974222
28/02/2022 16:00:00,163.06,165.42,162.43,165.12,95056629
01/03/2022 16:00:00,164.7,166.6,161.97,163.2,83474425
02/03/2022 16:00:00,164.39,167.36,162.95,166.56,79724750
03/03/2022 16:00:00,168.47,168.91,165.55,166.23,76678441
04/03/2022 16:00:00,164.49,165.55,162.1,163.17,83819592
07/03/2022 16:00:00,163.36,165.02,159.04,159.3,96418845
08/03/2022 16:00:00,158.82,162.88,155.8,157.44,131148280
09/03/2022 16:00:00,161.48,163.41,159.41,162.95,91454905
10/03/2022 16:00:00,160.2,160.39,155.98,158.52,105342033
11/03/2022 16:00:00,158.93,159.28,154.5,154.73,96970102
14/03/2022 16:00:00,151.45,154.12,150.1,150.62,108732111
15/03/2022 16:00:00,150.9,155.57,150.38,155.09,92964302
16/03/2022 16:00:00,157.05,160,154.46,159.59,102300157
17/03/2022 16:00:00,158.61,161,157.63,160.62,75615376
18/03/2022 16:00:00,160.51,164.48,159.76,163.98,123511692
21/03/2022 16:00:00,163.51,166.35,163.01,165.38,95811352
22/03/2022 16:00:00,165.51,169.42,164.91,168.82,81532007
23/03/2022 16:00:00,167.99,172.64,167.65,170.21,98062674
24/03/2022 16:00:00,171.06,174.14,170.21,174.07,90131418
25/03/2022 16:00:00,173.88,175.28,172.75,174.72,80546156
28/03/2022 16:00:00,172.17,175.73,172,175.6,90371916
29/03/2022 16:00:00,176.69,179.01,176.34,178.96,100589440
30/03/2022 16:00:00,178.55,179.61,176.7,177.77,92633154
31/03/2022 16:00:00,177.84,178.03,174.4,174.61,103049285
01/04/2022 16:00:00,174.03,174.88,171.94,174.31,78751328
04/04/2022 16:00:00,174.57,178.49,174.44,178.44,76545983
05/04/2022 16:00:00,177.5,178.3,174.42,175.06,73401786
06/04/2022 16:00:00,172.36,173.63,170.13,171.83,89058782
07/04/2022 16:00:00,171.16,173.36,169.85,172.14,77594650
08/04/2022 16:00:00,171.78,171.78,169.2,170.09,76575508
11/04/2022 16:00:00,168.71,169.03,165.5,165.75,72246706
12/04/2022 16:00:00,168.02,169.87,166.64,167.66,79265181
13/04/2022 16:00:00,167.39,171.04,166.77,170.4,70618925
14/04/2022 16:00:00,170.62,171.27,165.04,165.29,75329376
18/04/2022 16:00:00,163.92,166.6,163.57,165.07,69023941
19/04/2022 16:00:00,165.02,167.82,163.91,167.4,67723833
20/04/2022 16:00:00,168.76,168.88,166.1,167.23,67929814
21/04/2022 16:00:00,168.91,171.53,165.91,166.42,87227768
22/04/2022 16:00:00,166.46,167.87,161.5,161.79,84882424
25/04/2022 16:00:00,161.12,163.17,158.46,162.88,96046376
26/04/2022 16:00:00,162.25,162.34,156.72,156.8,95623240
27/04/2022 16:00:00,155.91,159.79,155.38,156.57,88063191
28/04/2022 16:00:00,159.25,164.52,158.93,163.64,130216792
29/04/2022 16:00:00,161.84,166.2,157.25,157.65,131747571
02/05/2022 16:00:00,156.71,158.23,153.27,157.96,123055265
03/05/2022 16:00:00,158.15,160.71,156.32,159.48,88966526
04/05/2022 16:00:00,159.67,166.48,159.26,166.02,108256503
05/05/2022 16:00:00,163.85,164.08,154.95,156.77,130525275
06/05/2022 16:00:00,156.01,159.44,154.18,157.28,116124647
09/05/2022 16:00:00,154.93,155.83,151.49,152.06,131577921
10/05/2022 16:00:00,155.52,156.74,152.93,154.51,115366736
11/05/2022 16:00:00,153.5,155.45,145.81,146.5,142689825
12/05/2022 16:00:00,142.77,146.2,138.8,142.56,182602041
13/05/2022 16:00:00,144.59,148.1,143.11,147.11,113990852
16/05/2022 16:00:00,145.55,147.52,144.18,145.54,86643781
17/05/2022 16:00:00,148.86,149.77,146.68,149.24,78336254
18/05/2022 16:00:00,146.85,147.36,139.9,140.82,109742890
19/05/2022 16:00:00,139.88,141.66,136.6,137.35,136095640
20/05/2022 16:00:00,139.09,140.7,132.61,137.59,137426125
23/05/2022 16:00:00,137.79,143.26,137.65,143.11,117726265
24/05/2022 16:00:00,140.81,141.97,137.33,140.36,104132746
25/05/2022 16:00:00,138.43,141.79,138.34,140.52,92482696
26/05/2022 16:00:00,137.39,144.34,137.14,143.78,90601548
27/05/2022 16:00:00,145.39,149.68,145.26,149.64,90978503
31/05/2022 16:00:00,149.07,150.66,146.84,148.84,103718416
01/06/2022 16:00:00,149.9,151.74,147.68,148.71,74286635
02/06/2022 16:00:00,147.83,151.27,146.86,151.21,72348055
03/06/2022 16:00:00,146.9,147.97,144.46,145.38,88570289
06/06/2022 16:00:00,147.03,148.57,144.9,146.14,71598380
07/06/2022 16:00:00,144.35,149,144.1,148.71,67808150
08/06/2022 16:00:00,148.58,149.87,147.46,147.96,53950201
09/06/2022 16:00:00,147.08,147.95,142.53,142.64,69472976
10/06/2022 16:00:00,140.28,140.76,137.06,137.13,91566637
13/06/2022 16:00:00,132.87,135.2,131.44,131.88,122207099
14/06/2022 16:00:00,133.13,133.89,131.48,132.76,84784326
15/06/2022 16:00:00,134.29,137.34,132.16,135.43,91532972
16/06/2022 16:00:00,132.08,132.39,129.04,130.06,107961508
17/06/2022 16:00:00,130.07,133.08,129.81,131.56,134520290
21/06/2022 16:00:00,133.42,137.06,133.32,135.87,81000488
22/06/2022 16:00:00,134.79,137.76,133.91,135.35,73409234
23/06/2022 16:00:00,136.82,138.59,135.63,138.27,72433768
24/06/2022 16:00:00,139.9,141.91,139.77,141.66,89116837
27/06/2022 16:00:00,142.7,143.49,140.97,141.66,70207908
28/06/2022 16:00:00,142.13,143.42,137.32,137.44,67315328
29/06/2022 16:00:00,137.46,140.67,136.67,139.23,66242411
30/06/2022 16:00:00,137.25,138.37,133.77,136.72,98964467
01/07/2022 16:00:00,136.04,139.04,135.66,138.93,71051552
05/07/2022 16:00:00,137.77,141.61,136.93,141.56,73429641
06/07/2022 16:00:00,141.35,144.12,141.08,142.92,74064254
07/07/2022 16:00:00,143.29,146.55,143.28,146.35,66253709
08/07/2022 16:00:00,145.26,147.55,145,147.04,64547798
11/07/2022 16:00:00,145.67,146.64,143.78,144.87,63305113
12/07/2022 16:00:00,145.76,148.45,145.05,145.86,77588759
13/07/2022 16:00:00,142.99,146.45,142.12,145.49,71185560
14/07/2022 16:00:00,144.08,148.95,143.25,148.47,78140744
15/07/2022 16:00:00,149.78,150.86,148.2,150.17,76259931
18/07/2022 16:00:00,150.74,151.57,146.7,147.07,81420868
19/07/2022 16:00:00,147.92,151.23,146.91,151,82982367
20/07/2022 16:00:00,151.12,153.72,150.37,153.04,64823413
21/07/2022 16:00:00,154.5,155.57,151.94,155.35,65086636
22/07/2022 16:00:00,155.39,156.28,153.41,154.09,66675408
25/07/2022 16:00:00,154.01,155.04,152.28,152.95,53623945
26/07/2022 16:00:00,152.26,153.09,150.8,151.6,55138691
27/07/2022 16:00:00,152.58,157.33,152.16,156.79,78620688
28/07/2022 16:00:00,156.98,157.64,154.41,157.35,81378731
29/07/2022 16:00:00,161.24,163.63,159.5,162.51,101786860
01/08/2022 16:00:00,161.01,163.59,160.89,161.51,67829379
02/08/2022 16:00:00,160.1,162.41,159.63,160.01,59907025
03/08/2022 16:00:00,160.84,166.59,160.75,166.13,82507488
04/08/2022 16:00:00,166.01,167.19,164.43,165.81,55474144
05/08/2022 16:00:00,163.21,165.85,163,165.35,56696985
08/08/2022 16:00:00,166.37,167.81,164.2,164.87,60362338
09/08/2022 16:00:00,164.02,165.82,163.25,164.92,63135503
10/08/2022 16:00:00,167.68,169.34,166.9,169.24,70170540
11/08/2022 16:00:00,170.06,170.99,168.19,168.49,57149159
12/08/2022 16:00:00,169.82,172.17,169.4,172.1,68039382
15/08/2022 16:00:00,171.52,173.39,171.35,173.19,54091694
16/08/2022 16:00:00,172.78,173.71,171.66,173.03,56377050
17/08/2022 16:00:00,172.77,176.15,172.57,174.55,79542037
18/08/2022 16:00:00,173.75,174.9,173.12,174.15,62290075
19/08/2022 16:00:00,173.03,173.74,171.31,171.52,70346295
22/08/2022 16:00:00,169.69,169.86,167.14,167.57,69026809
23/08/2022 16:00:00,167.08,168.71,166.65,167.23,54147079
24/08/2022 16:00:00,167.32,168.11,166.25,167.53,53841524
25/08/2022 16:00:00,168.78,170.14,168.35,170.03,51218209
26/08/2022 16:00:00,170.57,171.05,163.56,163.62,78960980
29/08/2022 16:00:00,161.15,162.9,159.82,161.38,73313953
30/08/2022 16:00:00,162.13,162.56,157.72,158.91,77906197
31/08/2022 16:00:00,160.31,160.58,157.14,157.22,87991091
01/09/2022 16:00:00,156.64,158.42,154.67,157.96,74229896
02/09/2022 16:00:00,159.75,160.36,154.97,155.81,76957768
06/09/2022 16:00:00,156.47,157.09,153.69,154.53,73714843
07/09/2022 16:00:00,154.82,156.67,153.61,155.96,87449574
08/09/2022 16:00:00,154.64,156.36,152.68,154.46,84923847
09/09/2022 16:00:00,155.47,157.82,154.75,157.37,68081006
12/09/2022 16:00:00,159.59,164.26,159.3,163.43,104955962
13/09/2022 16:00:00,159.9,160.54,153.37,153.84,122656614
14/09/2022 16:00:00,154.79,157.1,153.61,155.31,87965409
15/09/2022 16:00:00,154.65,155.24,151.38,152.37,90481110
16/09/2022 16:00:00,151.21,151.35,148.37,150.7,162278841
19/09/2022 16:00:00,149.31,154.56,149.1,154.48,81474246
20/09/2022 16:00:00,153.4,158.08,153.08,156.9,107689796
21/09/2022 16:00:00,157.34,158.74,153.6,153.72,101696790
22/09/2022 16:00:00,152.38,154.47,150.91,152.74,86652542
23/09/2022 16:00:00,151.19,151.47,148.56,150.43,96029909
26/09/2022 16:00:00,149.66,153.77,149.64,150.77,93339409
27/09/2022 16:00:00,152.74,154.72,149.95,151.76,84442741
28/09/2022 16:00:00,147.64,150.64,144.84,149.84,146691387
29/09/2022 16:00:00,146.1,146.72,140.68,142.48,128138237
30/09/2022 16:00:00,141.28,143.1,138,138.2,124925274
03/10/2022 16:00:00,138.21,143.07,137.69,142.45,114311663
04/10/2022 16:00:00,145.03,146.22,144.26,146.1,87830064
05/10/2022 16:00:00,144.07,147.38,143.01,146.4,79470968
06/10/2022 16:00:00,145.81,147.54,145.22,145.43,68402169
07/10/2022 16:00:00,142.54,143.1,139.45,140.09,85925559
10/10/2022 16:00:00,140.42,141.89,138.57,140.42,74899002
11/10/2022 16:00:00,139.9,141.35,138.22,138.98,77033672
12/10/2022 16:00:00,139.13,140.36,138.16,138.34,70433744
13/10/2022 16:00:00,134.99,143.59,134.37,142.99,113223975
14/10/2022 16:00:00,144.31,144.52,138.19,138.38,88597969
17/10/2022 16:00:00,141.07,142.9,140.27,142.41,85250939
18/10/2022 16:00:00,145.49,146.7,140.61,143.75,99136610
19/10/2022 16:00:00,141.69,144.95,141.5,143.86,61758340
20/10/2022 16:00:00,143.02,145.89,142.65,143.39,64521989
21/10/2022 16:00:00,142.87,147.85,142.65,147.27,86548609
24/10/2022 16:00:00,147.19,150.23,146,149.45,75981918
25/10/2022 16:00:00,150.09,152.49,149.36,152.34,74732290
26/10/2022 16:00:00,150.96,151.99,148.04,149.35,88436172
27/10/2022 16:00:00,148.07,149.05,144.13,144.8,109180150
28/10/2022 16:00:00,148.2,157.5,147.82,155.74,164762371
31/10/2022 16:00:00,153.16,154.24,151.92,153.34,97943171
01/11/2022 16:00:00,155.08,155.45,149.13,150.65,80379345
02/11/2022 16:00:00,148.95,152.17,145,145.03,93604623
03/11/2022 16:00:00,142.06,142.8,138.75,138.88,97918516
04/11/2022 16:00:00,142.09,142.67,134.38,138.38,140814796
07/11/2022 16:00:00,137.11,139.15,135.67,138.92,83374628
08/11/2022 16:00:00,140.41,141.43,137.49,139.5,89908477
09/11/2022 16:00:00,138.5,138.55,134.59,134.87,74917794
10/11/2022 16:00:00,141.24,146.87,139.5,146.87,118854028
11/11/2022 16:00:00,145.82,150.01,144.37,149.7,93979665
14/11/2022 16:00:00,148.97,150.28,147.43,148.28,73374114
15/11/2022 16:00:00,152.22,153.59,148.56,150.04,89868332
16/11/2022 16:00:00,149.13,149.87,147.29,148.79,64218266
17/11/2022 16:00:00,146.43,151.48,146.15,150.72,80389400
18/11/2022 16:00:00,152.31,152.7,149.97,151.29,74829573
21/11/2022 16:00:00,150.16,150.37,147.72,148.01,58724070
22/11/2022 16:00:00,148.13,150.42,146.93,150.18,51804132
23/11/2022 16:00:00,149.45,151.83,149.34,151.07,58301395
25/11/2022 13:05:00,148.31,148.88,147.12,148.11,35195860
28/11/2022 16:00:00,145.14,146.64,143.38,144.22,69346522
29/11/2022 16:00:00,144.29,144.81,140.35,141.17,83763803
30/11/2022 16:00:00,141.4,148.72,140.55,148.03,111380880
01/12/2022 16:00:00,148.21,149.13,146.61,148.31,71250416
02/12/2022 16:00:00,145.96,148,145.65,147.81,65447446
05/12/2022 16:00:00,147.77,150.92,145.77,146.63,68826442
06/12/2022 16:00:00,147.07,147.3,141.92,142.91,64727186
07/12/2022 16:00:00,142.19,143.37,140,140.94,69721094
08/12/2022 16:00:00,142.36,143.52,141.1,142.65,62128338
09/12/2022 16:00:00,142.34,145.57,140.9,142.16,76097011
12/12/2022 16:00:00,142.7,144.5,141.06,144.49,70462654
13/12/2022 16:00:00,149.5,149.97,144.24,145.47,93886161
14/12/2022 16:00:00,145.35,146.66,141.16,143.21,82291182
15/12/2022 16:00:00,141.11,141.8,136.03,136.5,98931907
16/12/2022 16:00:00,136.69,137.65,133.73,134.51,160156900
19/12/2022 16:00:00,135.11,135.2,131.32,132.37,79592614
20/12/2022 16:00:00,131.39,133.25,129.89,132.3,77432819
21/12/2022 16:00:00,132.98,136.81,132.75,135.45,85927993
22/12/2022 16:00:00,134.35,134.56,130.3,132.23,77852108
23/12/2022 16:00:00,130.92,132.42,129.64,131.86,63814893
27/12/2022 16:00:00,131.38,131.41,128.72,130.03,69007830
28/12/2022 16:00:00,129.67,131.03,125.87,126.04,85438391
29/12/2022 16:00:00,127.99,130.48,127.73,129.61,75703710
30/12/2022 16:00:00,128.41,129.95,127.43,129.93,77034209
03/01/2023 16:00:00,130.28,130.9,124.17,125.07,112117471
04/01/2023 16:00:00,126.89,128.66,125.08,126.36,89113633
05/01/2023 16:00:00,127.13,127.77,124.76,125.02,80962708
06/01/2023 16:00:00,126.01,130.29,124.89,129.62,87754715
09/01/2023 16:00:00,130.47,133.41,129.89,130.15,70790813
10/01/2023 16:00:00,130.26,131.26,128.12,130.73,63896155
11/01/2023 16:00:00,131.25,133.51,130.46,133.49,69458949
12/01/2023 16:00:00,133.88,134.26,131.44,133.41,71379648
13/01/2023 16:00:00,132.03,134.92,131.66,134.76,57809719
17/01/2023 16:00:00,134.83,137.29,134.13,135.94,63646627
18/01/2023 16:00:00,136.82,138.61,135.03,135.21,69672800
19/01/2023 16:00:00,134.08,136.25,133.77,135.27,58280413
20/01/2023 16:00:00,135.28,138.02,134.22,137.87,80223626
23/01/2023 16:00:00,138.12,143.32,137.9,141.11,81760313
24/01/2023 16:00:00,140.31,143.16,140.3,142.53,66435142
25/01/2023 16:00:00,140.89,142.43,138.81,141.86,65799349
26/01/2023 16:00:00,143.17,144.25,141.9,143.96,54105068
27/01/2023 16:00:00,143.16,147.23,143.08,145.93,70555843
30/01/2023 16:00:00,144.96,145.55,142.85,143,64015274
31/01/2023 16:00:00,142.7,144.34,142.28,144.29,65874459
01/02/2023 16:00:00,143.97,146.61,141.32,145.43,77663633
02/02/2023 16:00:00,148.9,151.18,148.17,150.82,118338980
03/02/2023 16:00:00,148.03,157.38,147.83,154.5,154357337
06/02/2023 16:00:00,152.57,153.1,150.78,151.73,69858306
07/02/2023 16:00:00,150.64,155.23,150.64,154.65,83322551
08/02/2023 16:00:00,153.88,154.58,151.17,151.92,64120079
09/02/2023 16:00:00,153.78,154.33,150.42,150.87,56007143
10/02/2023 16:00:00,149.46,151.34,149.22,151.01,57450708
13/02/2023 16:00:00,150.95,154.26,150.92,153.85,62199013
14/02/2023 16:00:00,152.12,153.77,150.86,153.2,61707573
15/02/2023 16:00:00,153.11,155.5,152.88,155.33,65669252
16/02/2023 16:00:00,153.51,156.33,153.35,153.71,68167942
17/02/2023 16:00:00,152.35,153,150.85,152.55,59144118
21/02/2023 16:00:00,150.2,151.3,148.41,148.48,58867230
22/02/2023 16:00:00,148.87,149.95,147.16,148.91,51011305
23/02/2023 16:00:00,150.09,150.34,147.24,149.4,48394249
24/02/2023 16:00:00,147.11,147.19,145.72,146.71,55469606
27/02/2023 16:00:00,147.71,149.17,147.45,147.92,44998470
28/02/2023 16:00:00,147.05,149.08,146.83,147.41,50546998
01/03/2023 16:00:00,146.83,147.23,145.01,145.31,55478991
02/03/2023 16:00:00,144.38,146.71,143.9,145.91,52279761
03/03/2023 16:00:00,148.04,151.11,147.33,151.03,70732297
06/03/2023 16:00:00,153.79,156.3,153.46,153.83,87558028
07/03/2023 16:00:00,153.7,154.03,151.13,151.6,56182028
08/03/2023 16:00:00,152.81,153.47,151.83,152.87,47204791
09/03/2023 16:00:00,153.56,154.54,150.23,150.59,53833582
10/03/2023 16:00:00,150.21,150.94,147.61,148.5,68572400
13/03/2023 16:00:00,147.81,153.14,147.7,150.47,84457122
14/03/2023 16:00:00,151.28,153.4,150.1,152.59,73695893
15/03/2023 16:00:00,151.19,153.25,149.92,152.99,77167866
16/03/2023 16:00:00,152.16,156.46,151.64,155.85,76254419
17/03/2023 16:00:00,156.08,156.74,154.28,155,98944633
20/03/2023 16:00:00,155.07,157.82,154.15,157.4,73641415
21/03/2023 16:00:00,157.32,159.4,156.54,159.28,73938285
22/03/2023 16:00:00,159.3,162.14,157.81,157.83,75701811
23/03/2023 16:00:00,158.83,161.55,157.68,158.93,67622060
24/03/2023 16:00:00,158.86,160.34,157.85,160.25,59256343
27/03/2023 16:00:00,159.94,160.77,157.87,158.28,52390266
28/03/2023 16:00:00,157.97,158.49,155.98,157.65,45992152
29/03/2023 16:00:00,159.37,161.05,159.35,160.77,51305691
30/03/2023 16:00:00,161.53,162.47,161.27,162.36,49501689
31/03/2023 16:00:00,162.44,165,161.91,164.9,68749792
03/04/2023 16:00:00,164.27,166.29,164.22,166.17,56976187
04/04/2023 16:00:00,166.6,166.84,165.11,165.63,46278295
05/04/2023 16:00:00,164.74,165.05,161.8,163.76,51511744
06/04/2023 16:00:00,162.43,164.96,162,164.66,45390123
10/04/2023 16:00:00,161.42,162.03,160.08,162.03,47716882
11/04/2023 16:00:00,162.35,162.36,160.51,160.8,47644217
12/04/2023 16:00:00,161.22,162.06,159.78,160.1,50133062
13/04/2023 16:00:00,161.63,165.8,161.42,165.56,68445649
14/04/2023 16:00:00,164.59,166.32,163.82,165.21,49386480
17/04/2023 16:00:00,165.09,165.39,164.03,165.23,41516217
18/04/2023 16:00:00,166.1,167.41,165.65,166.47,49923008
19/04/2023 16:00:00,165.8,168.16,165.54,167.63,47720166
20/04/2023 16:00:00,166.09,167.87,165.56,166.65,52456377
21/04/2023 16:00:00,165.05,166.45,164.49,165.02,58337341
24/04/2023 16:00:00,165,165.6,163.89,165.33,41949581
25/04/2023 16:00:00,165.19,166.31,163.73,163.77,48714063
26/04/2023 16:00:00,163.06,165.28,162.8,163.76,45498796
27/04/2023 16:00:00,165.19,168.56,165.19,168.41,64902329
28/04/2023 16:00:00,168.49,169.85,167.88,169.68,55275851
01/05/2023 16:00:00,169.28,170.45,168.64,169.59,52472936
02/05/2023 16:00:00,170.09,170.35,167.54,168.54,48425696
03/05/2023 16:00:00,169.5,170.92,167.16,167.45,65136018
04/05/2023 16:00:00,164.89,167.04,164.31,165.79,81235427
05/05/2023 16:00:00,170.98,174.3,170.76,173.57,113453171
08/05/2023 16:00:00,172.48,173.85,172.11,173.5,55962793
09/05/2023 16:00:00,173.05,173.54,171.6,171.77,45326874
10/05/2023 16:00:00,173.02,174.03,171.9,173.56,53724501
11/05/2023 16:00:00,173.85,174.59,172.17,173.75,49514676
12/05/2023 16:00:00,173.62,174.06,171,172.57,45533138
15/05/2023 16:00:00,173.16,173.21,171.47,172.07,37266659
16/05/2023 16:00:00,171.99,173.14,171.8,172.07,42110293
17/05/2023 16:00:00,171.71,172.93,170.42,172.69,57951604
18/05/2023 16:00:00,173,175.24,172.58,175.05,65496657
19/05/2023 16:00:00,176.39,176.39,174.94,175.16,55809475
22/05/2023 16:00:00,173.98,174.71,173.45,174.2,43570932
23/05/2023 16:00:00,173.13,173.38,171.28,171.56,50747263
24/05/2023 16:00:00,171.09,172.42,170.52,171.84,45143488
25/05/2023 16:00:00,172.41,173.9,171.69,172.99,56058258
26/05/2023 16:00:00,173.32,175.77,173.11,175.43,54834975
30/05/2023 16:00:00,176.96,178.99,176.57,177.3,55964401
31/05/2023 16:00:00,177.33,179.35,176.76,177.25,99625288
01/06/2023 16:00:00,177.7,180.12,176.93,180.09,68901809
02/06/2023 16:00:00,181.03,181.78,179.26,180.95,61996913
05/06/2023 16:00:00,182.63,184.95,178.04,179.58,121946497
06/06/2023 16:00:00,179.97,180.12,177.43,179.21,64848374
07/06/2023 16:00:00,178.44,181.21,177.32,177.82,61944615
08/06/2023 16:00:00,177.9,180.84,177.46,180.57,50214881
09/06/2023 16:00:00,181.5,182.23,180.63,180.96,48899973
12/06/2023 16:00:00,181.27,183.89,180.97,183.79,54754995
13/06/2023 16:00:00,182.8,184.15,182.44,183.31,54929129
14/06/2023 16:00:00,183.37,184.39,182.02,183.95,57462882
15/06/2023 16:00:00,183.96,186.52,183.78,186.01,65433166
16/06/2023 16:00:00,186.73,186.99,184.27,184.92,101256225
20/06/2023 16:00:00,184.41,186.1,184.41,185.01,49799092
21/06/2023 16:00:00,184.9,185.41,182.59,183.96,49515697
22/06/2023 16:00:00,183.74,187.05,183.67,187,51245327
23/06/2023 16:00:00,185.55,187.56,185.01,186.68,53116996
26/06/2023 16:00:00,186.83,188.05,185.23,185.27,48088661
27/06/2023 16:00:00,185.89,188.39,185.67,188.06,50730846
28/06/2023 16:00:00,187.93,189.9,187.6,189.25,51216801
29/06/2023 16:00:00,189.08,190.07,188.94,189.59,46347308
30/06/2023 16:00:00,191.63,194.48,191.26,193.97,85213216
03/07/2023 13:05:00,193.78,193.88,191.76,192.46,31458198
05/07/2023 16:00:00,191.57,192.98,190.62,191.33,46920261
06/07/2023 16:00:00,189.84,192.02,189.2,191.81,45156009
07/07/2023 16:00:00,191.41,192.67,190.24,190.68,46814998
10/07/2023 16:00:00,189.26,189.99,187.04,188.61,59922163
11/07/2023 16:00:00,189.16,189.3,186.6,188.08,46638119
12/07/2023 16:00:00,189.68,191.7,188.47,189.77,60750248
13/07/2023 16:00:00,190.5,191.19,189.78,190.54,41342338
14/07/2023 16:00:00,190.23,191.18,189.63,190.69,41616242
17/07/2023 16:00:00,191.9,194.32,191.81,193.99,50520159
18/07/2023 16:00:00,193.35,194.33,192.42,193.73,48353774
19/07/2023 16:00:00,193.1,198.23,192.65,195.1,80507323
20/07/2023 16:00:00,195.09,196.47,192.5,193.13,59581196
21/07/2023 16:00:00,194.1,194.97,191.23,191.94,71951683
24/07/2023 16:00:00,193.41,194.91,192.25,192.75,45505097
25/07/2023 16:00:00,193.33,194.44,192.92,193.62,37283201
26/07/2023 16:00:00,193.67,195.64,193.32,194.5,47471868
27/07/2023 16:00:00,196.02,197.2,192.55,193.22,47460180
28/07/2023 16:00:00,194.67,196.63,194.14,195.83,48291443
31/07/2023 16:00:00,196.06,196.49,195.26,196.45,38824113
01/08/2023 16:00:00,196.24,196.73,195.28,195.61,35281426
02/08/2023 16:00:00,195.04,195.18,191.85,192.58,50389327
03/08/2023 16:00:00,191.57,192.37,190.69,191.17,62243282
04/08/2023 16:00:00,185.52,187.38,181.92,181.99,115956841
07/08/2023 16:00:00,182.13,183.13,177.35,178.85,97576069
08/08/2023 16:00:00,179.69,180.27,177.58,179.8,67823003
09/08/2023 16:00:00,180.87,180.93,177.01,178.19,60378492
10/08/2023 16:00:00,179.48,180.75,177.6,177.97,54686851
11/08/2023 16:00:00,177.32,178.62,176.55,177.79,52036672
14/08/2023 16:00:00,177.97,179.69,177.31,179.46,43675627
15/08/2023 16:00:00,178.88,179.48,177.05,177.45,43622593
16/08/2023 16:00:00,177.13,178.54,176.5,176.57,46964857
17/08/2023 16:00:00,177.14,177.51,173.48,174,66062882
18/08/2023 16:00:00,172.3,175.1,171.96,174.49,61172150
21/08/2023 16:00:00,175.07,176.13,173.74,175.84,46311879
22/08/2023 16:00:00,177.06,177.68,176.25,177.23,42084245
23/08/2023 16:00:00,178.52,181.55,178.33,181.12,52722752
24/08/2023 16:00:00,180.67,181.1,176.01,176.38,54945798
25/08/2023 16:00:00,177.38,179.15,175.82,178.61,51449594
28/08/2023 16:00:00,180.09,180.59,178.55,180.19,43820697
29/08/2023 16:00:00,179.7,184.9,179.5,184.12,53003948
30/08/2023 16:00:00,184.94,187.85,184.74,187.65,60813888
31/08/2023 16:00:00,187.84,189.12,187.48,187.87,60794467
01/09/2023 16:00:00,189.49,189.92,188.28,189.46,45766503
05/09/2023 16:00:00,188.28,189.98,187.61,189.7,45280027
06/09/2023 16:00:00,188.4,188.85,181.47,182.91,81755816
07/09/2023 16:00:00,175.18,178.21,173.54,177.56,112488803
08/09/2023 16:00:00,178.35,180.24,177.79,178.18,65602066
11/09/2023 16:00:00,180.07,180.3,177.34,179.36,58953052
12/09/2023 16:00:00,179.49,180.13,174.82,176.3,90370192
13/09/2023 16:00:00,176.51,177.3,173.98,174.21,84267928
14/09/2023 16:00:00,174,176.1,173.58,175.74,60895757
15/09/2023 16:00:00,176.48,176.5,173.82,175.01,109259461
18/09/2023 16:00:00,176.48,179.38,176.17,177.97,67257573
19/09/2023 16:00:00,177.52,179.63,177.13,179.07,51826941
20/09/2023 16:00:00,179.26,179.7,175.4,175.49,58436181
21/09/2023 16:00:00,174.55,176.3,173.86,173.93,63149116
22/09/2023 16:00:00,174.67,177.08,174.05,174.79,56725385
25/09/2023 16:00:00,174.2,176.97,174.15,176.08,46172740
26/09/2023 16:00:00,174.82,175.2,171.66,171.96,64588945
27/09/2023 16:00:00,172.62,173.04,169.05,170.43,66921808
28/09/2023 16:00:00,169.34,172.03,167.62,170.69,56294419
29/09/2023 16:00:00,172.02,173.07,170.34,171.21,51861083
02/10/2023 16:00:00,171.22,174.3,170.93,173.75,52164535
03/10/2023 16:00:00,172.26,173.63,170.82,172.4,49594613
04/10/2023 16:00:00,171.09,174.21,170.97,173.66,53020286
05/10/2023 16:00:00,173.79,175.45,172.68,174.91,48527918
06/10/2023 16:00:00,173.8,177.99,173.18,177.49,57266675
09/10/2023 16:00:00,176.81,179.05,175.8,178.99,42390772
10/10/2023 16:00:00,178.1,179.72,177.95,178.39,43698019
11/10/2023 16:00:00,178.2,179.85,177.6,179.8,47551098
12/10/2023 16:00:00,180.07,182.34,179.04,180.71,56743119
13/10/2023 16:00:00,181.42,181.93,178.14,178.85,51456082
16/10/2023 16:00:00,176.75,179.08,176.51,178.72,52516984
17/10/2023 16:00:00,176.65,178.42,174.8,177.15,57549350
18/10/2023 16:00:00,175.58,177.58,175.11,175.84,54764375
19/10/2023 16:00:00,176.04,177.84,175.19,175.46,59302863
20/10/2023 16:00:00,175.31,175.42,172.64,172.88,64244028
23/10/2023 16:00:00,170.91,174.01,169.93,173,55980109
24/10/2023 16:00:00,173.05,173.67,171.45,173.44,43816644
25/10/2023 16:00:00,171.88,173.06,170.65,171.1,57156962
26/10/2023 16:00:00,170.37,171.38,165.67,166.89,70625258
27/10/2023 16:00:00,166.91,168.96,166.83,168.22,58499129
30/10/2023 16:00:00,169.02,171.17,168.87,170.29,51130955
31/10/2023 16:00:00,169.35,170.9,167.9,170.77,44846017
01/11/2023 16:00:00,171,174.23,170.12,173.97,56934906
02/11/2023 16:00:00,175.52,177.78,175.46,177.57,77334752
03/11/2023 16:00:00,174.24,176.82,173.35,176.65,79829246
06/11/2023 16:00:00,176.38,179.43,176.21,179.23,63841310
07/11/2023 16:00:00,179.18,182.44,178.97,181.82,70529966
08/11/2023 16:00:00,182.35,183.45,181.59,182.89,49340282
09/11/2023 16:00:00,182.96,184.12,181.81,182.41,53763540
10/11/2023 16:00:00,183.97,186.57,183.53,186.4,66177922
13/11/2023 16:00:00,185.82,186.03,184.21,184.8,43627519
14/11/2023 16:00:00,187.7,188.11,186.3,187.44,60108378
15/11/2023 16:00:00,187.85,189.5,187.78,188.01,53790499
16/11/2023 16:00:00,189.57,190.96,188.65,189.71,54412915
17/11/2023 16:00:00,190.25,190.38,188.57,189.69,50941404
20/11/2023 16:00:00,189.89,191.91,189.88,191.45,46538614
21/11/2023 16:00:00,191.41,191.52,189.74,190.64,38134485
22/11/2023 16:00:00,191.49,192.93,190.83,191.31,39630011
24/11/2023 13:05:00,190.87,190.9,189.25,189.97,24048344
27/11/2023 16:00:00,189.92,190.67,188.9,189.79,40552609
28/11/2023 16:00:00,189.78,191.08,189.4,190.4,38415419
29/11/2023 16:00:00,190.9,192.09,188.97,189.37,43014224
30/11/2023 16:00:00,189.84,190.32,188.19,189.95,48794366
01/12/2023 16:00:00,190.33,191.56,189.23,191.24,45704823
04/12/2023 16:00:00,189.98,190.05,187.45,189.43,43389519
05/12/2023 16:00:00,190.21,194.4,190.18,193.42,66628398
06/12/2023 16:00:00,194.45,194.76,192.11,192.32,41089737
07/12/2023 16:00:00,193.63,195,193.59,194.27,47477655
08/12/2023 16:00:00,194.2,195.99,193.67,195.71,53406358
11/12/2023 16:00:00,193.11,193.49,191.42,193.18,60943699
12/12/2023 16:00:00,193.08,194.72,191.72,194.71,52696900
13/12/2023 16:00:00,195.09,198,194.85,197.96,70404183
14/12/2023 16:00:00,198.02,199.62,196.16,198.11,66831572
15/12/2023 16:00:00,197.53,198.4,197,197.57,128538401
18/12/2023 16:00:00,196.09,196.63,194.39,195.89,55751861
19/12/2023 16:00:00,196.16,196.95,195.89,196.94,40714051
20/12/2023 16:00:00,196.9,197.68,194.83,194.83,52242815
21/12/2023 16:00:00,196.1,197.08,193.5,194.68,46482549
22/12/2023 16:00:00,195.18,195.41,192.97,193.6,37149570
26/12/2023 16:00:00,193.61,193.89,192.83,193.05,28919310
27/12/2023 16:00:00,192.49,193.5,191.09,193.15,48087681
28/12/2023 16:00:00,194.14,194.66,193.17,193.58,34049898
29/12/2023 16:00:00,193.9,194.4,191.73,192.53,42672148
02/01/2024 16:00:00,187.15,188.44,183.89,185.64,82488674
03/01/2024 16:00:00,184.22,185.88,183.43,184.25,58414460
04/01/2024 16:00:00,182.15,183.09,180.88,181.91,71983570
05/01/2024 16:00:00,181.99,182.76,180.17,181.18,62379661
08/01/2024 16:00:00,182.09,185.6,181.5,185.56,59144470
09/01/2024 16:00:00,183.92,185.15,182.73,185.14,42841809
10/01/2024 16:00:00,184.35,186.4,183.92,186.19,46792908
11/01/2024 16:00:00,186.54,187.05,183.62,185.59,49128408
12/01/2024 16:00:00,186.06,186.74,185.19,185.92,40477782
16/01/2024 16:00:00,182.16,184.26,180.93,183.63,65603041
17/01/2024 16:00:00,181.27,182.93,180.3,182.68,47317433
18/01/2024 16:00:00,186.09,189.14,185.83,188.63,78005754
19/01/2024 16:00:00,189.33,191.95,188.82,191.56,68902985
22/01/2024 16:00:00,192.3,195.33,192.26,193.89,60133852
23/01/2024 16:00:00,195.02,195.75,193.83,195.18,42355590
24/01/2024 16:00:00,195.42,196.38,194.34,194.5,53631316
25/01/2024 16:00:00,195.22,196.27,193.11,194.17,54822126
26/01/2024 16:00:00,194.27,194.76,191.94,192.42,44594011
29/01/2024 16:00:00,192.01,192.2,189.58,191.73,47145622
30/01/2024 16:00:00,190.94,191.8,187.47,188.04,55859370
31/01/2024 16:00:00,187.04,187.1,184.35,184.4,55467803
01/02/2024 16:00:00,183.99,186.95,183.82,186.86,64885408
02/02/2024 16:00:00,179.86,187.33,179.25,185.85,102551680
05/02/2024 16:00:00,188.15,189.25,185.84,187.68,69668820
06/02/2024 16:00:00,186.86,189.31,186.77,189.3,43490759
07/02/2024 16:00:00,190.64,191.05,188.61,189.41,53438955
08/02/2024 16:00:00,189.39,189.54,187.35,188.32,40962046
09/02/2024 16:00:00,188.65,189.99,188,188.85,45155216
12/02/2024 16:00:00,188.42,188.67,186.79,187.15,41781934
13/02/2024 16:00:00,185.77,186.21,183.51,185.04,56529529
14/02/2024 16:00:00,185.32,185.53,182.44,184.15,54630517
15/02/2024 16:00:00,183.55,184.49,181.35,183.86,65434496
16/02/2024 16:00:00,183.42,184.85,181.67,182.31,49752465
20/02/2024 16:00:00,181.79,182.43,180,181.56,53665553
21/02/2024 16:00:00,181.94,182.89,180.66,182.32,41529674
22/02/2024 16:00:00,183.48,184.96,182.46,184.37,52292208
23/02/2024 16:00:00,185.01,185.04,182.23,182.52,45119677
26/02/2024 16:00:00,182.24,182.76,180.65,181.16,40867421
27/02/2024 16:00:00,181.1,183.92,179.56,182.63,54318851
28/02/2024 16:00:00,182.51,183.12,180.13,181.42,48953939
29/02/2024 16:00:00,181.27,182.57,179.53,180.75,136682597
01/03/2024 16:00:00,179.55,180.53,177.38,179.66,73563082
04/03/2024 16:00:00,176.15,176.9,173.79,175.1,81510101
05/03/2024 16:00:00,170.76,172.04,169.62,170.12,95132355
06/03/2024 16:00:00,171.06,171.24,168.68,169.12,68587707
07/03/2024 16:00:00,169.15,170.73,168.49,169,71765061
08/03/2024 16:00:00,169,173.7,168.94,170.73,76267041
11/03/2024 16:00:00,172.94,174.38,172.05,172.75,60139473
12/03/2024 16:00:00,173.15,174.03,171.01,173.23,59825372
13/03/2024 16:00:00,172.77,173.19,170.76,171.13,52488692
14/03/2024 16:00:00,172.91,174.31,172.05,173,72913507
15/03/2024 16:00:00,171.17,172.62,170.29,172.62,121752699
18/03/2024 16:00:00,175.57,177.71,173.52,173.72,75604184
19/03/2024 16:00:00,174.34,176.61,173.03,176.08,55215244
20/03/2024 16:00:00,175.72,178.67,175.09,178.67,53423102
21/03/2024 16:00:00,177.05,177.49,170.84,171.37,106181270
22/03/2024 16:00:00,171.76,173.05,170.06,172.28,71160138
25/03/2024 16:00:00,170.57,171.94,169.45,170.85,54288328
26/03/2024 16:00:00,170,171.42,169.58,169.71,57388449
27/03/2024 16:00:00,170.41,173.6,170.11,173.31,60273265
28/03/2024 16:00:00,171.75,172.23,170.51,171.48,65672690
01/04/2024 16:00:00,171.19,171.25,169.48,170.03,46240500
02/04/2024 16:00:00,169.08,169.34,168.23,168.84,49329481
03/04/2024 16:00:00,168.79,170.68,168.58,169.65,47691715
04/04/2024 16:00:00,170.29,171.92,168.82,168.82,53704386
05/04/2024 16:00:00,169.59,170.39,168.95,169.58,42104826
08/04/2024 16:00:00,169.03,169.2,168.24,168.45,37425513
09/04/2024 16:00:00,168.7,170.08,168.35,169.67,42451209
10/04/2024 16:00:00,168.8,169.09,167.11,167.78,49709336
11/04/2024 16:00:00,168.34,175.46,168.16,175.04,91070275
12/04/2024 16:00:00,174.26,178.36,174.21,176.55,101670886
15/04/2024 16:00:00,175.36,176.63,172.5,172.69,73531773
16/04/2024 16:00:00,171.75,173.76,168.27,169.38,73711235
17/04/2024 16:00:00,169.61,170.65,168,168,50901210
18/04/2024 16:00:00,168.03,168.64,166.55,167.04,43122903
19/04/2024 16:00:00,166.21,166.4,164.08,165,68149377
22/04/2024 16:00:00,165.52,167.26,164.77,165.84,48116443
23/04/2024 16:00:00,165.35,167.05,164.92,166.9,49537761
24/04/2024 16:00:00,166.54,169.3,166.21,169.02,48251835
25/04/2024 16:00:00,169.53,170.61,168.15,169.89,50558329
26/04/2024 16:00:00,169.88,171.34,169.18,169.3,44838354
29/04/2024 16:00:00,173.37,176.03,173.1,173.5,68169419
30/04/2024 16:00:00,173.33,174.99,170,170.33,65934776
01/05/2024 16:00:00,169.58,172.71,169.11,169.3,50383147
02/05/2024 16:00:00,172.51,173.42,170.89,173.03,94214915
03/05/2024 16:00:00,186.65,187,182.66,183.38,163224109
06/05/2024 16:00:00,182.35,184.2,180.42,181.71,78569667
07/05/2024 16:00:00,183.45,184.9,181.32,182.4,77305771
08/05/2024 16:00:00,182.85,183.07,181.45,182.74,45057087
09/05/2024 16:00:00,182.56,184.66,182.11,184.57,48982972
10/05/2024 16:00:00,184.9,185.09,182.13,183.05,50759496
13/05/2024 16:00:00,185.44,187.1,184.62,186.28,72044809
14/05/2024 16:00:00,187.51,188.3,186.29,187.43,52393619
15/05/2024 16:00:00,187.91,190.65,187.37,189.72,70399988
16/05/2024 16:00:00,190.47,191.1,189.66,189.84,52845230
17/05/2024 16:00:00,189.51,190.81,189.18,189.87,41282925
20/05/2024 16:00:00,189.35,191.92,189.01,191.04,44361275
21/05/2024 16:00:00,191.09,192.73,190.92,192.35,42309401
22/05/2024 16:00:00,192.27,192.82,190.27,190.9,34648547
23/05/2024 16:00:00,190.98,191,186.63,186.88,51005924
24/05/2024 16:00:00,188.82,190.58,188.04,189.98,36326975
28/05/2024 16:00:00,191.51,193,189.1,189.99,52280051
29/05/2024 16:00:00,189.61,192.25,189.51,190.29,53068016
30/05/2024 16:00:00,190.76,192.18,190.63,191.29,49947941
31/05/2024 16:00:00,191.44,192.57,189.91,192.25,75158277
03/06/2024 16:00:00,192.9,194.99,192.52,194.03,50080539
04/06/2024 16:00:00,194.64,195.32,193.03,194.35,47471445
05/06/2024 16:00:00,195.4,196.9,194.87,195.87,54156785
06/06/2024 16:00:00,195.69,196.5,194.17,194.48,41181753
07/06/2024 16:00:00,194.65,196.94,194.14,196.89,53103912
10/06/2024 16:00:00,196.9,197.3,192.15,193.12,97262077
11/06/2024 16:00:00,193.65,207.16,193.63,207.15,172373296
12/06/2024 16:00:00,207.37,220.2,206.9,213.07,198134293
13/06/2024 16:00:00,214.74,216.75,211.6,214.24,97862729
14/06/2024 16:00:00,213.85,215.17,211.3,212.49,70122748